Customer Name,Rating,Review
Aniket Banerjee,5,Too goodREAD MORE
Mahim Chauhan,5,I switch to ios from android after 10 years so this review might help for migratorsIt‚Äôs been a month using the iPhone13 and this was my experience1. Design - its simple and no nonsense design . Expect white and pink rest of the colours are fingerprint magnets.  I have seen all the colours and I highly recommend the pink . It‚Äôs so light pink which makes it not girlish. See it for yourself it really looks so premium in light pink colour.For rest of it except white the aluminium frame wil...READ MORE
Mahesh Jaiswara,5,"LOOK - Its my first love apple i phone 13, first time purchase this phone but its look awesome in white colour love it.  hand feel too much premium.CAMERA - Mind blowing camera performance font camera and rear cameras take too much awesome qualities pictures . Night mode is supergood low light performance impressed mePERFORMANCE - its bionic a15 chipset faster ,have 60hz refresh rate but its beatable 120hzDISPLAY - uts OLD XDR RETINA display too much good look display i get 10 of 10 for d...READ MORE"
Srinivash Bhoi,5,Pros-rear Camera is awesome.double speaker sound equal loud and base is superb display superb. Design also good.Battery back up superb.Cons-front camera is good not awesomeAfter switching from android you feel one minus point is the display notch .READ MORE
Biswabandhu Debnath,5,Best phone available at this price point.Camera is comparable with entry level DSLR(marvellous dynamic range)The performance is unmatchable.Shifted to iOS after 10 years of premium android smartphones.Go  for it without any second thought.READ MORE
Arnab Das,5,"Awesome battery backup amazing camera, a all day batter backup  improved and brilliant IOs 16.1 oled display dolby speakers and lot more, just close your eyes and go for it. One of the best handy smartphones ever and in great discount given by flipkart in big billion days üî•READ MORE"
Flipkart Customer,5,Best of bestREAD MORE
Flipkart Customer,5,I upgraded to 13 from xs and my experience with this had been extraordinary . The user interface and the camera is too good .Just in love with this extraordinary device .I just shared some photos clicked from this phone so that everyone can have an idea about how good the camera is compared all other flagship devices . The lens inside the device is so efficient that it  automatically reduces the noise in the picture making it very crisp and clear  .READ MORE
Badri Bishal  Pratihari,5,Love this phone..... üòçREAD MORE
Vaibhav  Raj,5,"Amazing beast....As expected , didn't disappoint me,Had to sell hard chunk of kidneys to get it !!;pCamera quality is definitely a super upgradeBattery is super.. easily last throughout the day with heavy usage.Light weight looks stylish what else you need??Starlight color just wow!!!Apple it would have been better if you should  have given an adaptor. Increase 2k price and give it in box!!!Simple ....Edit 1 : After 14 days of usage highly satisfied with battery performance, Last thr...READ MORE"
